{
  "formation": {
    "mean": -1.4011122909643277,
    "std": 1.2076525459253535
  },
  "bandgap": {
    "mean": 0.91586028382975,
    "std": 1.4185255170016302
  },
  "hull": {
    "mean": 0.18893803801985665,
    "std": 0.47585506229309554
  },
  "bulk": {
    "mean": 107.77094866740939,
    "std": 74.44719266272268
  },
  "shear": {
    "mean": 51.50884026139045,
    "std": 45.979534293572094
  },
  "fermi": {
    "mean": 3.248041968553734,
    "std": 2.7849450259531205
  },
  "magnetization": {
    "mean": 5.329094508144055,
    "std": 11.107968301593372
  }
}